#item name ( must match unlocktable.csv),unused,Global Unique Item ID,rarity( 0 = common 1 = special 2 = rare ),productionLevel
#This file is AUTOGENERATED and shouldn't be edited.
#run s1-depot/s1/game/bin/COD.Net/COD.GameStudio.exe to make changes, save and export
iw5_exocrossbowloot3,,0x100017F,2,Gold
iw5_mahemloot3,,0x1000180,2,Gold
iw5_ak12loot0,,0x100003C,0,Gold
iw5_ak12loot1,,0x100003D,0,Gold
iw5_ak12loot2,,0x100003E,0,Gold
iw5_ak12loot3,,0x100003F,0,Gold
iw5_ak12loot4,,0x1000040,1,Gold
iw5_ak12loot5,,0x1000041,1,Gold
iw5_ak12loot7,,0x1000043,1,Gold
iw5_ak12loot8,,0x1000044,2,Gold
iw5_ak12loot9,,0x1000045,2,Gold
iw5_bal27loot0,,0x1000046,0,Gold
iw5_bal27loot1,,0x1000047,0,Gold
iw5_bal27loot2,,0x1000048,0,Gold
iw5_bal27loot3,,0x1000049,0,Gold
iw5_bal27loot4,,0x100004A,1,Gold
iw5_bal27loot5,,0x100004B,1,Gold
iw5_bal27loot6,,0x100004C,1,Gold
iw5_bal27loot8,,0x100004E,2,Gold
iw5_bal27loot9,,0x100004F,2,Gold
iw5_sn6loot0,,0x1000050,0,Gold
iw5_sn6loot1,,0x1000051,0,Gold
iw5_sn6loot2,,0x1000052,0,Gold
iw5_sn6loot3,,0x1000053,0,Gold
iw5_sn6loot5,,0x1000055,1,Gold
iw5_sn6loot6,,0x1000056,1,Gold
iw5_sn6loot7,,0x1000057,1,Gold
iw5_sn6loot8,,0x1000058,2,Gold
iw5_sn6loot9,,0x1000059,2,Gold
iw5_morsloot0,,0x100005D,0,Gold
iw5_morsloot1,,0x100005E,0,Gold
iw5_morsloot2,,0x100005F,0,Gold
iw5_morsloot3,,0x1000060,0,Gold
iw5_morsloot6,,0x1000063,1,Gold
iw5_morsloot7,,0x1000064,1,Gold
iw5_morsloot8,,0x1000065,2,Gold
iw5_morsloot9,,0x1000066,2,Gold
iw5_titan45loot0,,0x1000071,0,Gold
iw5_titan45loot1,,0x1000072,0,Gold
iw5_titan45loot2,,0x1000073,0,Gold
iw5_titan45loot3,,0x1000074,4,Gold
iw5_titan45loot4,,0x1000075,1,Gold
iw5_titan45loot5,,0x1000076,1,Gold
iw5_titan45loot6,,0x1000077,1,Gold
iw5_titan45loot8,,0x1000079,2,Gold
iw5_titan45loot9,,0x100007A,2,Gold
iw5_em1loot0,,0x100007B,0,Gold
iw5_em1loot1,,0x100007C,0,Gold
iw5_em1loot2,,0x100007D,0,Gold
iw5_em1loot3,,0x100007E,0,Gold
iw5_em1loot4,,0x100007F,1,Gold
iw5_em1loot5,,0x1000080,1,Gold
iw5_em1loot6,,0x1000081,1,Gold
iw5_em1loot8,,0x1000083,2,Gold
iw5_em1loot9,,0x1000084,2,Gold
iw5_uts19loot0,,0x1000085,0,Gold
iw5_uts19loot1,,0x1000086,0,Gold
iw5_uts19loot2,,0x1000087,0,Gold
iw5_uts19loot3,,0x1000088,0,Gold
iw5_uts19loot4,,0x1000089,1,Gold
iw5_uts19loot5,,0x100008A,1,Gold
iw5_uts19loot7,,0x100008C,1,Gold
iw5_uts19loot8,,0x100008D,2,Gold
iw5_uts19loot9,,0x100008E,2,Gold
iw5_pbwloot0,,0x1000090,0,Gold
iw5_pbwloot1,,0x1000091,0,Gold
iw5_pbwloot2,,0x1000092,0,Gold
iw5_pbwloot3,,0x1000093,4,Gold
iw5_pbwloot5,,0x1000095,1,Gold
iw5_pbwloot6,,0x1000096,1,Gold
iw5_pbwloot7,,0x1000097,1,Gold
iw5_pbwloot8,,0x1000098,2,Gold
iw5_pbwloot9,,0x1000099,2,Gold
iw5_maulloot0,,0x100009C,0,Gold
iw5_maulloot1,,0x100009D,0,Gold
iw5_maulloot2,,0x100009E,0,Gold
iw5_maulloot3,,0x100009F,0,Gold
iw5_maulloot4,,0x10000A0,1,Gold
iw5_maulloot6,,0x10000A2,1,Gold
iw5_maulloot7,,0x10000A3,1,Gold
iw5_maulloot8,,0x10000A4,2,Gold
iw5_maulloot9,,0x10000A5,2,Gold
iw5_gm6loot0,,0x10000A6,0,Gold
iw5_gm6loot1,,0x10000A7,0,Gold
iw5_gm6loot2,,0x10000A8,0,Gold
iw5_gm6loot3,,0x10000A9,0,Gold
iw5_gm6loot4,,0x10000AA,1,Gold
iw5_gm6loot6,,0x10000AC,1,Gold
iw5_gm6loot7,,0x10000AD,1,Gold
iw5_gm6loot8,,0x10000AE,2,Gold
iw5_gm6loot9,,0x10000AF,2,Gold
iw5_vbrloot0,,0x10000B0,4,Gold
iw5_vbrloot1,,0x10000B1,0,Gold
iw5_vbrloot2,,0x10000B2,0,Gold
iw5_vbrloot3,,0x10000B3,0,Gold
iw5_vbrloot4,,0x10000B4,1,Gold
iw5_vbrloot5,,0x10000B5,1,Gold
iw5_vbrloot7,,0x10000B7,1,Gold
iw5_vbrloot8,,0x10000B8,2,Gold
iw5_vbrloot9,,0x10000B9,2,Gold
iw5_arx160loot0,,0x10000BA,0,Gold
iw5_arx160loot1,,0x10000BB,0,Gold
iw5_arx160loot2,,0x10000BC,0,Gold
iw5_arx160loot3,,0x10000BD,0,Gold
iw5_arx160loot5,,0x10000BF,1,Gold
iw5_arx160loot6,,0x10000C0,1,Gold
iw5_arx160loot7,,0x10000C1,1,Gold
iw5_arx160loot8,,0x10000C2,2,Gold
iw5_arx160loot9,,0x10000C3,2,Gold
iw5_m182sprloot0,,0x10000C4,0,Gold
iw5_m182sprloot1,,0x10000C5,0,Gold
iw5_m182sprloot2,,0x10000C6,0,Gold
iw5_m182sprloot3,,0x10000C7,0,Gold
iw5_m182sprloot5,,0x10000C9,1,Gold
iw5_m182sprloot6,,0x10000CA,1,Gold
iw5_m182sprloot7,,0x10000CB,1,Gold
iw5_m182sprloot8,,0x10000CC,2,Gold
iw5_m182sprloot9,,0x10000CD,2,Gold
iw5_maawsloot0,,0x10000D0,0,Gold
iw5_maawsloot2,,0x10000D2,2,Gold
iw5_maawsloot3,,0x10000D3,2,Gold
iw5_stingerm7loot0,,0x10000D4,0,Gold
iw5_stingerm7loot2,,0x10000D6,2,Gold
iw5_stingerm7loot3,,0x10000D7,2,Gold
iw5_microdronelauncherloot0,,0x10000D8,0,Gold
iw5_microdronelauncherloot2,,0x10000DA,2,Gold
iw5_microdronelauncherloot3,,0x10000DB,2,Gold
iw5_himarloot0,,0x10000E1,0,Gold
iw5_himarloot1,,0x10000E2,0,Gold
iw5_himarloot2,,0x10000E3,0,Gold
iw5_himarloot3,,0x10000E4,0,Gold
iw5_himarloot5,,0x10000E6,1,Gold
iw5_himarloot6,,0x10000E7,1,Gold
iw5_himarloot7,,0x10000E8,1,Gold
iw5_himarloot8,,0x10000E9,2,Gold
iw5_himarloot9,,0x10000EA,2,Gold
iw5_hbra3loot0,,0x10000EB,0,Gold
iw5_hbra3loot1,,0x10000EC,0,Gold
iw5_hbra3loot2,,0x10000ED,0,Gold
iw5_hbra3loot3,,0x10000EE,0,Gold
iw5_hbra3loot4,,0x10000EF,1,Gold
iw5_hbra3loot7,,0x10000F2,1,Gold
iw5_hbra3loot8,,0x10000F3,2,Gold
iw5_hbra3loot9,,0x10000F4,2,Gold
iw5_asm1loot0,,0x10000F5,0,Gold
iw5_asm1loot1,,0x10000F6,0,Gold
iw5_asm1loot2,,0x10000F7,0,Gold
iw5_asm1loot3,,0x10000F8,0,Gold
iw5_asm1loot4,,0x10000F9,1,Gold
iw5_asm1loot5,,0x10000FA,1,Gold
iw5_asm1loot7,,0x10000FC,1,Gold
iw5_asm1loot8,,0x10000FD,2,Gold
iw5_asm1loot9,,0x10000FE,2,Gold
iw5_kf5loot0,,0x10000FF,0,Gold
iw5_kf5loot1,,0x1000100,0,Gold
iw5_kf5loot2,,0x1000101,0,Gold
iw5_kf5loot3,,0x1000102,0,Gold
iw5_kf5loot4,,0x1000103,1,Gold
iw5_kf5loot6,,0x1000105,1,Gold
iw5_kf5loot7,,0x1000106,1,Gold
iw5_kf5loot8,,0x1000107,2,Gold
iw5_kf5loot9,,0x1000108,2,Gold
reinforcement1,,0x100010D,0,Gold
reinforcement2,,0x100010E,1,Gold
reinforcement3,,0x100010F,2,Gold
iw5_hmr9loot0,,0x1000186,0,Gold
iw5_hmr9loot1,,0x1000187,0,Gold
iw5_hmr9loot2,,0x1000188,0,Gold
iw5_hmr9loot3,,0x1000189,0,Gold
iw5_hmr9loot4,,0x1000111,1,Gold
iw5_hmr9loot5,,0x1000112,1,Gold
iw5_hmr9loot6,,0x1000113,1,Gold
iw5_hmr9loot8,,0x1000115,2,Gold
iw5_hmr9loot9,,0x1000116,2,Gold
iw5_mp11loot0,,0x1000117,0,Gold
iw5_mp11loot1,,0x1000118,0,Gold
iw5_mp11loot2,,0x1000119,0,Gold
iw5_mp11loot3,,0x100011A,0,Gold
iw5_mp11loot4,,0x100011B,1,Gold
iw5_mp11loot5,,0x100011C,1,Gold
iw5_mp11loot7,,0x100011E,1,Gold
iw5_mp11loot8,,0x100011F,2,Gold
iw5_mp11loot9,,0x1000120,2,Gold
iw5_sac3loot0,,0x1000121,0,Gold
iw5_sac3loot1,,0x1000122,0,Gold
iw5_sac3loot2,,0x1000123,0,Gold
iw5_sac3loot3,,0x1000124,0,Gold
iw5_sac3loot4,,0x1000125,1,Gold
iw5_sac3loot5,,0x1000126,1,Gold
iw5_sac3loot7,,0x1000128,1,Gold
iw5_sac3loot8,,0x1000129,2,Gold
iw5_sac3loot9,,0x100012A,2,Gold
iw5_epm3loot0,,0x100012B,0,Gold
iw5_epm3loot1,,0x100012C,0,Gold
iw5_epm3loot2,,0x100012D,0,Gold
iw5_epm3loot3,,0x100012E,0,Gold
iw5_epm3loot4,,0x100012F,1,Gold
iw5_epm3loot5,,0x1000130,1,Gold
iw5_epm3loot7,,0x1000132,1,Gold
iw5_epm3loot8,,0x1000133,2,Gold
iw5_epm3loot9,,0x1000134,2,Gold
iw5_exocrossbowloot0,,0x1000135,0,Gold
iw5_exocrossbowloot2,,0x1000137,2,Gold
iw5_exoxmgloot0,,0x1000138,0,Gold
iw5_exoxmgloot1,,0x1000139,0,Gold
iw5_exoxmgloot2,,0x100013A,0,Gold
iw5_exoxmgloot3,,0x100013B,0,Gold
iw5_exoxmgloot4,,0x100013C,1,Gold
iw5_exoxmgloot6,,0x100013E,1,Gold
iw5_exoxmgloot7,,0x100013F,1,Gold
iw5_exoxmgloot8,,0x1000140,2,Gold
iw5_exoxmgloot9,,0x1000141,2,Gold
iw5_lsatloot0,,0x1000142,0,Gold
iw5_lsatloot1,,0x1000143,0,Gold
iw5_lsatloot2,,0x1000144,0,Gold
iw5_lsatloot3,,0x1000145,0,Gold
iw5_lsatloot4,,0x1000146,1,Gold
iw5_lsatloot5,,0x1000147,1,Gold
iw5_lsatloot6,,0x1000148,1,Gold
iw5_lsatloot8,,0x100014A,2,Gold
iw5_lsatloot9,,0x100014B,2,Gold
iw5_m990loot0,,0x100014C,0,Gold
iw5_m990loot1,,0x100014D,0,Gold
iw5_m990loot2,,0x100014E,0,Gold
iw5_m990loot3,,0x100014F,0,Gold
iw5_m990loot4,,0x1000150,1,Gold
iw5_m990loot5,,0x1000151,1,Gold
iw5_m990loot6,,0x1000152,1,Gold
iw5_m990loot8,,0x1000154,2,Gold
iw5_m990loot9,,0x1000155,2,Gold
iw5_mahemloot0,,0x1000156,0,Gold
iw5_mahemloot2,,0x1000158,2,Gold
iw5_rhinoloot0,,0x1000159,0,Gold
iw5_rhinoloot1,,0x100015A,0,Gold
iw5_rhinoloot2,,0x100015B,0,Gold
iw5_rhinoloot3,,0x100015C,0,Gold
iw5_rhinoloot4,,0x100015D,1,Gold
iw5_rhinoloot5,,0x100015E,1,Gold
iw5_rhinoloot6,,0x100015F,1,Gold
iw5_rhinoloot8,,0x1000161,2,Gold
iw5_rhinoloot9,,0x1000162,2,Gold
iw5_rw1loot0,,0x1000163,0,Gold
iw5_rw1loot1,,0x1000164,0,Gold
iw5_rw1loot2,,0x1000165,0,Gold
iw5_rw1loot3,,0x1000166,0,Gold
iw5_rw1loot4,,0x1000167,1,Gold
iw5_rw1loot5,,0x1000168,1,Gold
iw5_rw1loot6,,0x1000169,1,Gold
iw5_rw1loot8,,0x100016B,2,Gold
iw5_rw1loot9,,0x100016C,2,Gold
iw5_thorloot0,,0x100016D,0,Gold
iw5_thorloot1,,0x100016E,0,Gold
iw5_thorloot2,,0x100016F,0,Gold
iw5_thorloot3,,0x1000170,0,Gold
iw5_thorloot4,,0x1000171,1,Gold
iw5_thorloot6,,0x1000173,1,Gold
iw5_thorloot8,,0x1000175,2,Gold
iw5_thorloot9,,0x1000176,2,Gold
iw5_asawloot0,,0x1000177,0,Gold
iw5_asawloot1,,0x1000178,0,Gold
iw5_asawloot2,,0x1000179,0,Gold
iw5_asawloot3,,0x100017A,0,Gold
iw5_asawloot5,,0x100017C,1,Gold
iw5_asawloot6,,0x100017D,1,Gold
iw5_asawloot7,,0x100017E,1,Gold
iw5_thorloot7,,0x1000181,1,Gold
iw5_asawloot8,,0x1000182,2,Gold
iw5_asawloot9,,0x1000183,2,Gold
iw5_riotshieldt6loot0,,0x1000195,0,Gold
iw5_riotshieldt6loot2,,0x1000197,2,Gold
iw5_riotshieldt6loot3,,0x1000198,2,Gold
doublexp,,0x10001B4,0,Gold
doublexp,,0x10001B5,1,Gold
doublexp,,0x10001B6,2,Gold
doublelp,,0x10001BA,0,Gold
doublelp,,0x10001BB,1,Gold
doublelp,,0x10001BC,2,Gold
iw5_dlcgun1loot1,,0x10001CB,0,DLC1
iw5_dlcgun1loot2,,0x10001CC,0,DLC1
iw5_dlcgun1loot3,,0x10001CD,0,DLC1
iw5_dlcgun1loot4,,0x10001CE,1,DLC1
iw5_dlcgun1loot6,,0x10001D0,1,DLC1
iw5_dlcgun1loot7,,0x10001D1,1,DLC1
iw5_dlcgun1loot8,,0x10001D2,2,DLC1
iw5_dlcgun1loot9,,0x10001D3,2,DLC1
iw5_dlcgun2loot1,,0x1000223,0,DLC2
iw5_dlcgun2loot2,,0x1000224,0,DLC2
iw5_dlcgun2loot3,,0x1000225,0,DLC2
iw5_dlcgun2loot4,,0x1000226,1,DLC2
iw5_dlcgun2loot6,,0x1000228,1,DLC2
iw5_dlcgun2loot7,,0x1000229,1,DLC2
iw5_dlcgun2loot8,,0x100022A,2,DLC2
iw5_dlcgun2loot9,,0x100022B,2,DLC2
iw5_dlcgun3loot0,,0x10002A1,0,DLC2_5
iw5_dlcgun3loot1,,0x10002A2,0,DLC2_5
iw5_dlcgun3loot2,,0x10002A3,0,DLC2_5
iw5_dlcgun3loot3,,0x10002A4,0,DLC2_5
iw5_dlcgun3loot4,,0x10002A5,1,DLC2_5
iw5_dlcgun3loot5,,0x10002A6,1,DLC2_5
iw5_dlcgun3loot6,,0x10002A7,1,DLC2_5
iw5_dlcgun3loot7,,0x10002A8,1,DLC2_5
iw5_dlcgun3loot8,,0x10002A9,2,DLC2_5
iw5_dlcgun3loot9,,0x10002AA,2,DLC2_5
iw5_dlcgun5loot0,,0x10002EB,1,MDLC3
iw5_dlcgun5loot1,,0x10002EC,1,MDLC3
iw5_dlcgun5loot2,,0x10002ED,2,MDLC3
iw5_dlcgun5loot3,,0x10002EE,2,MDLC3
iw5_dlcgun5loot4,,0x10002EF,2,MDLC3
iw5_dlcgun5loot5,,0x10002F2,2,MDLC3
iw5_dlcgun8loot4,,0x10002F3,2,MDLC3
iw5_dlcgun8loot5,,0x10002F5,2,MDLC3
iw5_dlcgun8loot6,,0x10002F6,2,MDLC3
iw5_dlcgun8loot7,,0x10002F7,2,MDLC3
iw5_dlcgun8loot8,,0x10002F8,2,MDLC3
iw5_dlcgun8loot9,,0x10002FA,2,MDLC3
iw5_dlcgun9,,0x10002FB,2,MDLC3
iw5_dlcgun9loot0,,0x10002FC,2,MDLC3
iw5_dlcgun9loot2,,0x10002FF,2,MDLC3
iw5_dlcgun9loot1,,0x1000300,2,MDLC3
iw5_dlcgun9loot3,,0x1000318,2,MDLC3
iw5_dlcgun9loot4,,0x1000319,2,MDLC3
iw5_dlcgun9loot5,,0x100031A,2,MDLC3
iw5_dlcgun9loot6,,0x100031B,2,MDLC3
iw5_dlcgun9loot7,,0x100031D,2,MDLC3
iw5_dlcgun9loot8,,0x100031F,2,MDLC3
iw5_dlcgun9loot9,,0x1000320,2,MDLC3
iw5_dlcgun10,,0x1000322,2,MDLC3
iw5_dlcgun10loot0,,0x1000323,2,MDLC3
iw5_dlcgun10loot1,,0x1000324,2,MDLC3
iw5_dlcgun10loot2,,0x1000325,2,MDLC3
iw5_dlcgun10loot3,,0x1000326,2,MDLC3
iw5_dlcgun10loot4,,0x1000327,2,MDLC3
iw5_dlcgun10loot5,,0x1000329,2,MDLC3
iw5_dlcgun10loot6,,0x100032A,2,MDLC3
iw5_dlcgun10loot7,,0x100032B,2,MDLC3
iw5_dlcgun10loot8,,0x100032C,2,MDLC3
iw5_dlcgun10loot9,,0x100032D,2,MDLC3
iw5_dlcgun11,,0x100032E,2,MDLC3
iw5_dlcgun11loot0,,0x100032F,2,MDLC3
iw5_dlcgun11loot1,,0x1000330,2,MDLC3
iw5_dlcgun11loot2,,0x1000331,2,MDLC3
iw5_dlcgun11loot3,,0x1000332,2,MDLC3
iw5_dlcgun11loot4,,0x1000333,2,MDLC3
iw5_dlcgun4loot0,,0x1000337,0,MDLC3
iw5_dlcgun4loot1,,0x1000338,0,MDLC3
iw5_dlcgun4loot2,,0x1000339,0,MDLC3
iw5_dlcgun4loot3,,0x100033A,0,MDLC3
iw5_dlcgun4loot4,,0x100033B,1,MDLC3
iw5_dlcgun4loot5,,0x100033C,1,MDLC3
iw5_dlcgun4loot6,,0x100033D,1,MDLC3
iw5_dlcgun4loot7,,0x100033E,1,MDLC3
iw5_dlcgun4loot8,,0x100033F,2,MDLC3
iw5_dlcgun4loot9,,0x1000340,3,MDLC3
iw5_dlcgun5loot6,,0x1000341,2,MDLC3
iw5_dlcgun6loot0,,0x100034C,0,MDLC3
iw5_dlcgun6loot1,,0x100034D,1,MDLC3
iw5_dlcgun6loot2,,0x100034E,3,MDLC3
iw5_dlcgun6loot3,,0x100034F,2,MDLC3
iw5_dlcgun6loot4,,0x1000350,2,MDLC3
iw5_dlcgun6loot6,,0x1000352,0,MDLC3
iw5_dlcgun6loot7,,0x1000353,1,MDLC3
iw5_dlcgun6loot8,,0x1000354,3,MDLC3
iw5_dlcgun6loot9,,0x1000355,2,MDLC3
iw5_dlcgun7,,0x1000356,2,MDLC3
iw5_dlcgun7loot1,,0x100035B,0,MDLC3
iw5_dlcgun7loot2,,0x100035C,1,MDLC3
iw5_dlcgun7loot3,,0x100035D,3,MDLC3
iw5_dlcgun7loot4,,0x100035E,2,MDLC3
iw5_dlcgun7loot5,,0x100035F,2,MDLC3
iw5_dlcgun7loot7,,0x1000361,0,MDLC3
iw5_dlcgun7loot8,,0x1000362,1,MDLC3
iw5_dlcgun7loot9,,0x1000363,3,MDLC3
iw5_dlcgun8,,0x1000364,2,MDLC3
iw5_dlcgun8loot0,,0x1000365,2,MDLC3
iw5_dlcgun8loot2,,0x1000367,0,MDLC3
iw5_dlcgun8loot3,,0x1000368,3,MDLC3
iw5_dlcgun14,,0x100036D,0,MDLC3
iw5_dlcgun15,,0x100036E,1,MDLC3
iw5_dlcgun16,,0x100036F,2,MDLC3
iw5_dlcgun17,,0x1000370,3,MDLC3
iw5_dlcgun19,,0x1000373,0,MDLC3
iw5_dlcgun20,,0x1000374,1,MDLC3
iw5_dlcgun21,,0x1000375,2,MDLC3
iw5_dlcgun22,,0x1000376,3,MDLC3
iw5_dlcgun24,,0x100037E,0,MDLC6_B
iw5_dlcgun25,,0x100037F,1,MDLC6_B
iw5_dlcgun26,,0x1000380,2,MDLC6_B
iw5_dlcgun27,,0x1000381,3,MDLC6_B
iw5_dlcgun29,,0x1000383,0,Never
iw5_dlcgun30,,0x1000384,1,Never
iw5_dlcgun31,,0x1000385,2,Never
iw5_dlcgun32,,0x1000386,3,Never
iw5_dlcgun34,,0x1000388,0,Never
iw5_dlcgun35,,0x1000389,1,Never
iw5_dlcgun36,,0x100038A,3,Never
iw5_dlcgun37,,0x100038B,2,Never
iw5_dlcgun39,,0x100038F,0,MDLC6_B
iw5_dlcgun40,,0x1000390,1,MDLC6_B
iw5_dlcgun41,,0x1000391,3,Never
iw5_dlcgun42,,0x1000392,2,MDLC6_B
iw5_dlcgun43,,0x10003DF,3,Never
shirt1_1,,0x6202001,2,MDLC2
shirt1_2,,0x6204001,1,Gold
shirt1_4,,0x6208001,2,MDLC2
shirt1_5,,0x620A001,2,Gold
shirt1_7,,0x620E001,2,MDLC3
shirt16,,0x620000A,4,Gold
shirt16_3,,0x620600A,2,Gold
shirt16_4,,0x620800A,0,Gold
shirt16_5,,0x620A00A,2,MDLC3
shirt16_6,,0x620C00A,3,MDLC6_A
shirt16_7,,0x620E00A,2,MDLC6_A
shirt4_1,,0x620200B,1,Gold
shirt4_2,,0x620400B,1,Gold
shirt4_4,,0x620800B,2,Gold
shirt4_5,,0x620A00B,2,MDLC3
shirt4_6,,0x620C00B,2,MDLC3
shirt9,,0x620000C,0,Gold
shirt9_1,,0x620200C,1,Gold
shirt9_2,,0x620400C,1,Gold
shirt9_5,,0x620A00C,2,Gold
shirt9_6,,0x620C00C,2,MDLC2
shirt9_7,,0x620E00C,2,MDLC3
shirt10,,0x6200002,0,Gold
shirt10_1,,0x6202002,2,MDLC2
shirt10_2,,0x6204002,2,MDLC2
shirt10_3,,0x6206002,1,Gold
shirt10_4,,0x6208002,2,Gold
shirt10_5,,0x620A002,2,MDLC3
shirt10_6,,0x620C002,2,MDLC3
shirt10_7,,0x620E002,2,MDLC3
shirt8_1,,0x6202004,3,Gold
shirt8_3,,0x6206004,2,Gold
shirt8_4,,0x6208004,2,MDLC2
shirt8_5,,0x620A004,2,MDLC3
shirt8_6,,0x620C004,2,MDLC3
shirt8_7,,0x620E004,2,MDLC3
shirt18,,0x6200005,1,Gold
shirt19,,0x6200006,0,Gold
shirt19_1,,0x6202006,3,MDLC3
shirt19_2,,0x6204006,3,MDLC3
shirt19_3,,0x6206006,2,MDLC6_B
shirt14,,0x6200007,0,Gold
shirt14_1,,0x6202007,2,Gold
shirt14_2,,0x6204007,4,Gold
shirt14_3,,0x6206007,2,MDLC3
shirt14_4,,0x6208007,2,MDLC3
shirt14_5,,0x620A007,2,MDLC3
shirt14_6,,0x620C007,2,MDLC6_A
shirt2_1,,0x6202008,4,Gold
shirt2_2,,0x6204008,0,Gold
shirt2_3,,0x6206008,0,Gold
shirt2_4,,0x6208008,1,Gold
shirt2_5,,0x620A008,3,Gold
shirt2_6,,0x620C008,2,MDLC3
shirt2_7,,0x620E008,2,MDLC6_B
shirt17,,0x6200009,2,Gold
shirt17_2,,0x6204009,2,Gold
shirt17_3,,0x6206009,2,Gold
shirt17_4,,0x6208009,2,MDLC2
pants1_1,,0x6402001,1,Gold
pants1_2,,0x6404001,1,Gold
pants1_4,,0x6408001,2,Gold
pants1_6,,0x640C001,4,Gold
pants1_7,,0x640E001,2,Gold
pants3_1,,0x640200C,4,Gold
pants3_2,,0x640400C,0,Gold
pants3_3,,0x640600C,0,Gold
pants3_5,,0x640A00C,3,Gold
pants4_1,,0x640200D,2,MDLC2
pants4_2,,0x640400D,2,MDLC2
pants4_3,,0x640600D,1,Gold
pants4_4,,0x640A00D,2,Gold
pants4_5,,0x640C00D,2,MDLC2
pants4_6,,0x640E00D,1,Gold
pants2,,0x6400002,0,Gold
pants2_1,,0x6402002,2,MDLC2
pants2_2,,0x6404002,2,MDLC2
pants2_3,,0x6406002,1,Gold
pants2_4,,0x6408002,2,MDLC2
pants5_1,,0x6404003,3,Gold
pants5_4,,0x640A003,2,Gold
pants5_5,,0x640C003,2,Gold
pants7,,0x6400004,1,Gold
pants7_1,,0x6402004,2,MDLC2
pants7_3,,0x6406004,2,MDLC3
pants7_4,,0x6408004,2,MDLC3
pants7_5,,0x640A004,2,MDLC3
pants7_6,,0x640C004,2,MDLC3
pants7_7,,0x640E004,2,MDLC3
pants15,,0x6400008,0,Gold
pants15_1,,0x6402008,1,Gold
pants15_2,,0x6404008,1,Gold
pants8,,0x6400009,0,Gold
pants8_2,,0x6404009,2,Gold
pants8_3,,0x6406009,4,Gold
pants8_4,,0x6408009,2,Gold
pants8_5,,0x640A009,2,MDLC3
pants8_6,,0x640C009,2,MDLC3
pants8_7,,0x640E009,2,MDLC3
gloves1_1,,0x6902001,0,Gold
gloves1_3,,0x6906001,1,Gold
gloves1_4,,0x6908001,1,Gold
gloves10,,0x690000B,0,Gold
gloves22,,0x690000C,4,Gold
gloves22_1,,0x690200C,2,MDLC2
gloves22_2,,0x690400C,2,MDLC2
gloves22_3,,0x690600C,1,Gold
gloves22_4,,0x690800C,2,Gold
gloves22_6,,0x690C00C,2,MDLC2
gloves22_7,,0x690E00C,0,Gold
gloves24_1,,0x690200E,0,Gold
gloves24_4,,0x690800E,2,MDLC2
gloves24_5,,0x690A00E,3,Gold
gloves11,,0x6900010,0,Gold
gloves7,,0x6900013,2,Gold
gloves8_1,,0x6902002,2,Gold
gloves9,,0x6900014,4,Gold
gloves2,,0x6900003,0,Gold
gloves2_1,,0x6902003,0,Gold
gloves2_3,,0x6906003,2,Gold
gloves2_4,,0x6908003,1,Gold
gloves2_5,,0x690A003,2,MDLC2
gloves15,,0x6900007,2,MDLC2
gloves17,,0x6900008,1,Gold
boots1_1,,0x6A02001,1,Gold
boots1_2,,0x6A04001,2,MDLC2
boots1_3,,0x6A06001,1,Gold
boots1_4,,0x6A08001,2,MDLC2
boots1_6,,0x6A0C001,2,MDLC3
boots5,,0x6A0000A,0,Gold
boots7_1,,0x6A0200B,2,Gold
boots7_2,,0x6A0400B,2,MDLC3
boots7_3,,0x6A0600B,2,MDLC3
boots7_4,,0x6A0800B,2,MDLC3
boots7_5,,0x6A0A00B,2,MDLC6_B
boots6,,0x6A0000D,4,Gold
boots6_2,,0x6A0400D,2,Gold
boots6_3,,0x6A0600D,2,MDLC2
boots6_4,,0x6A0800D,0,Gold
boots6_5,,0x6A0A00D,2,MDLC3
boots12,,0x6A00002,0,Gold
boots12_2,,0x6A04002,2,MDLC2
boots12_3,,0x6A06002,2,MDLC2
boots12_4,,0x6A08002,1,Gold
boots12_6,,0x6A0C002,2,Gold
boots12_7,,0x6A0E002,3,MDLC3
boots3,,0x6A00003,2,Gold
boots3_1,,0x6A02003,3,Gold
boots4,,0x6A00004,0,Gold
boots4_1,,0x6A02004,1,Gold
boots4_3,,0x6A06004,2,Gold
boots4_4,,0x6A08004,4,Gold
boots4_5,,0x6A0A004,2,Gold
boots4_7,,0x6A0E004,2,MDLC2
boots13,,0x6A00005,2,Gold
boots15_1,,0x6A02007,3,Gold
boots15_3,,0x6A06007,2,MDLC3
boots16,,0x6A00008,2,Gold
boots16_1,,0x6A02008,2,MDLC2
boots16_5,,0x6A0A008,3,MDLC3
boots16_6,,0x6A0C008,2,MDLC3
boots16_7,,0x6A0E008,2,MDLC3
boots2_1,,0x6A02009,4,Gold
boots2_2,,0x6A04009,0,Gold
boots2_3,,0x6A06009,0,Gold
boots2_4,,0x6A0A009,1,Gold
boots2_5,,0x6A0C009,1,Gold
boots2_6,,0x6A0E009,2,MDLC2
kneeshin1_1,,0x6802001,4,Gold
kneeshin1_2,,0x6804001,0,Gold
kneeshin1_3,,0x6806001,0,Gold
kneeshin1_4,,0x6808001,1,Gold
kneeshin24,,0x680000A,1,Gold
kneeshin10_1,,0x680200B,2,Gold
kneeshin10_3,,0x680600B,1,Gold
kneeshin10_4,,0x680800B,1,Gold
kneeshin10_6,,0x680C00B,2,MDLC3
kneeshin10_7,,0x680E00B,2,MDLC3
kneeshin4_1,,0x680200C,4,Gold
kneeshin4_2,,0x680400C,1,Gold
kneeshin6_1,,0x680200D,2,MDLC2
kneeshin6_2,,0x680400D,2,MDLC2
kneeshin6_3,,0x680600D,1,Gold
kneeshin6_5,,0x680A00D,2,Gold
kneeshin9,,0x680000F,0,Gold
kneeshin9_1,,0x680200F,3,MDLC3
kneeshin9_2,,0x680400F,2,MDLC6_B
kneeshin20,,0x6800004,0,Gold
kneeshin20_2,,0x6804004,2,Gold
kneeshin23_2,,0x6804006,4,Gold
kneeshin23_3,,0x6806006,2,Gold
kneeshin23_4,,0x6808006,1,Gold
kneeshin23_5,,0x680A006,2,MDLC3
kneeshin23_6,,0x680C006,3,MDLC3
kneeshin5,,0x6800007,2,Gold
kneeshin5_3,,0x6808007,2,Gold
kneeshin5_4,,0x680A007,2,MDLC2
kneeshin5_5,,0x680C007,2,Gold
kneeshin3,,0x6800008,0,Gold
kneeshin3_1,,0x6802008,1,Gold
kneeshin3_2,,0x6804008,2,MDLC2
kneeshin3_4,,0x6808008,2,MDLC3
kneeshin3_5,,0x680A008,2,MDLC3
kneeshin21,,0x6800009,0,Gold
gear1_1,,0x6702001,2,MDLC2
gear1_2,,0x6704001,2,MDLC2
gear1_3,,0x6706001,1,Gold
gear1_6,,0x670C001,2,MDLC2
gear22,,0x670000A,2,Gold
gear23,,0x670000B,1,Gold
gear24,,0x670000C,0,Gold
gear24_1,,0x670200C,1,Gold
gear3_1,,0x670200D,4,Gold
gear3_2,,0x670400D,0,Gold
gear3_3,,0x670600D,0,Gold
gear3_4,,0x670800D,1,Gold
gear3_5,,0x670A00D,3,Gold
gear17,,0x670000E,0,Gold
gear2,,0x670000F,0,Gold
gear2_1,,0x670200F,2,MDLC2
gear20,,0x6700010,0,Gold
gear20_1,,0x6702010,2,MDLC3
gear7,,0x6700011,0,Gold
gear7_1,,0x6702011,4,Gold
gear7_2,,0x6704011,2,MDLC3
gear15,,0x6700002,0,Gold
gear18_1,,0x6702003,3,Gold
gear18_2,,0x6704003,2,Gold
gear18_4,,0x6708003,2,MDLC2
gear18_5,,0x670A003,2,MDLC3
gear4,,0x6700004,4,Gold
gear4_3,,0x6706004,2,Gold
gear4_4,,0x6708004,0,Gold
gear4_5,,0x670A004,2,MDLC3
gear4_7,,0x670E004,2,MDLC3
gear5_1,,0x6702005,1,Gold
gear5_2,,0x6704005,1,Gold
gear5_4,,0x6708005,2,Gold
gear5_5,,0x670A005,2,MDLC3
gear16,,0x6700006,0,Gold
gear16_1,,0x6702006,1,Gold
gear16_2,,0x6704006,1,Gold
gear16_4,,0x6708006,2,MDLC2
gear19,,0x6700007,2,Gold
gear19_2,,0x6704007,2,Gold
gear19_3,,0x6706007,2,MDLC2
gear19_4,,0x6708007,2,Gold
gear8,,0x6700008,0,Gold
gear8_1,,0x6702008,2,MDLC2
gear8_2,,0x6704008,2,MDLC2
gear21,,0x6700009,2,Gold
gear21_2,,0x6704009,2,Gold
gear21_3,,0x6706009,2,MDLC3
gear21_4,,0x6708009,2,MDLC3
hats1_2,,0x6604001,4,Gold
hats1_3,,0x6606001,1,Gold
hats1_5,,0x660A001,3,Gold
hats1_6,,0x660C001,2,DLC2_5
hats23,,0x660000A,0,Gold
hats23_1,,0x660200A,2,Gold
hats25,,0x660000B,1,Gold
hats25_2,,0x660400B,2,Gold
hats28,,0x660000D,1,Gold
hats16,,0x660000F,0,Gold
hats16_1,,0x660200F,2,MDLC2
hats2_2,,0x6604010,1,Gold
hats2_3,,0x6606010,2,MDLC2
hats2_4,,0x6608010,2,MDLC2
hats2_10,,0x6614010,2,MDLC2_5
hats2_11,,0x6616010,2,DLC2_5
hats2_12,,0x6618010,2,DLC2_5
hats2_13,,0x661A010,2,MDLC2_5
hats2_14,,0x661C010,2,MDLC6_B
hats3,,0x6600011,0,Gold
hats3_1,,0x6602011,2,MDLC2
hats3_2,,0x6604011,2,MDLC2
hats3_3,,0x6606011,0,Gold
hats3_4,,0x6608011,2,Gold
hats3_5,,0x660A011,2,DLC2_5
hats3_6,,0x660C011,2,MDLC3
hats20,,0x6600012,2,Gold
hats20_2,,0x6604012,2,Gold
hats20_3,,0x6606012,2,MDLC2
hats20_4,,0x6608012,2,Gold
hats30_1,,0x6602013,1,Gold
hats30_2,,0x6604013,1,Gold
hats30_3,,0x6606013,2,Gold
hats10,,0x6600002,4,Gold
hats10_3,,0x6606002,2,Gold
hats10_4,,0x6608002,0,Gold
hats32,,0x6600014,0,Gold
hats33_1,,0x6602015,2,MDLC2
hats33_2,,0x6604015,2,MDLC3
hats34,,0x6600016,2,Gold
hats17,,0x6600017,0,Gold
hats5_1,,0x6602018,1,Gold
hats8,,0x6600019,1,Gold
hats11,,0x6600003,0,Gold
hats11_1,,0x6602003,4,Gold
hats12_1,,0x6602004,3,Gold
hats15,,0x6600005,1,Gold
hats15_1,,0x6602005,1,Gold
hats18,,0x6600006,4,Gold
hats18_1,,0x6602006,2,MDLC2
hats18_2,,0x6604006,2,MDLC6_B
hats9,,0x6600007,2,Gold
hats21,,0x6600008,1,Gold
hats22,,0x6600009,0,Gold
eye3,,0x6C00002,1,Gold
eye7,,0x6C00003,0,Gold
eye8,,0x6C00004,2,Gold
eye2,,0x6C00006,0,Gold
eye9,,0x6C00007,0,Gold
eye9_1,,0x6C02007,2,MDLC2
eye9_2,,0x6C04007,2,MDLC3
eye9_3,,0x6C06007,2,MDLC3
eye9_4,,0x6C08007,2,DLC3
eye9_5,,0x6C0A007,2,MDLC3
eye9_6,,0x6C0C007,2,MDLC6_A
eye5_1,,0x6C02009,2,MDLC3
eye5_2,,0x6C04009,2,MDLC3
eye5_3,,0x6C06009,2,MDLC3
exo1_4,,0x6B08001,2,Gold
exo1_5,,0x6B0A001,2,Gold
exo1_7,,0x6B0E001,2,Gold
exo1_9,,0x6B12001,2,Gold
exo1_10,,0x6B14001,2,MDLC2
exo1_11,,0x6B16001,4,Gold
exo1_12,,0x6B18001,2,Gold
exo1_15,,0x6B1E001,2,MDLC2
exo1_16,,0x6B20001,2,Gold
exo1_18,,0x6B24001,2,DLC2_5
exo1_20,,0x6B28001,2,Gold
exo1_21,,0x6B2A001,2,Gold
exo1_23,,0x6B2E001,3,Gold
exo10_1,,0x6B02002,2,Gold
exo10_4,,0x6B08002,3,Gold
exo10_5,,0x6B0A002,2,MDLC2
exo10_6,,0x6B0C002,2,Gold
exo10_7,,0x6B0E002,2,Gold
exo10_10,,0x6B14002,2,DLC2_5
exo10_11,,0x6B16002,2,DLC2_5
exo10_12,,0x6B18002,2,MDLC2_5
exo10_13,,0x6B1A002,2,MDLC2_5
exo10_17,,0x6B22002,2,MDLC3
exo10_19,,0x6B26002,2,MDLC3
exo10_20,,0x6B28002,2,MDLC3
exo11,,0x6B00003,2,Gold
exo11_1,,0x6B02003,2,Gold
exo11_3,,0x6B06003,2,Gold
exo11_4,,0x6B08003,4,Gold
exo11_5,,0x6B0A003,2,Gold
exo11_6,,0x6B0C003,2,Gold
exo11_7,,0x6B0E003,2,Gold
exo11_8,,0x6B10003,2,Gold
exo11_9,,0x6B12003,2,Gold
exo3_1,,0x6B02006,2,MDLC2
exo3_2,,0x6B04006,2,MDLC3
exo3_3,,0x6B06006,2,MDLC3
exo3_4,,0x6B08006,3,MDLC6_A
exo3_5,,0x6B0A006,2,MDLC6_B
exo4,,0x6B00007,2,Gold
exo4_1,,0x6B02007,2,MDLC2
exo4_2,,0x6B04007,2,MDLC2
exo4_3,,0x6B06007,2,Gold
exo5,,0x6B00008,4,Gold
exo5_1,,0x6B02008,2,Gold
exo5_2,,0x6B04008,2,MDLC2
exo5_4,,0x6B08008,2,Gold
exo5_5,,0x6B0A008,2,MDLC2
shirt13_3,,0x620600D,2,MDLC3
shirt13_4,,0x620800D,2,MDLC3
shirt13_5,,0x620A00D,3,MDLC3
shirt13_6,,0x620C00D,2,MDLC3
pants17_1,,0x640200F,2,MDLC2
pants17_2,,0x640400F,2,MDLC3
pants17_3,,0x640600F,2,MDLC3
pants17_4,,0x640800F,2,MDLC3
gloves25,,0x6900015,1,Gold
hats35,,0x660001B,2,Gold
kneeshin25,,0x6800010,4,Gold
kneeshin25_1,,0x6802010,2,Gold
kneeshin25_2,,0x6804010,2,MDLC2
kneeshin25_3,,0x6806010,1,Gold
kneeshin26,,0x6800011,2,Gold
gloves26,,0x6900016,4,Gold
boots17_1,,0x6A0200E,2,MDLC2
pants18_2,,0x6404010,1,Gold
pants18_3,,0x6406010,2,MDLC3
pants18_4,,0x6408010,2,MDLC3
pants18_5,,0x640A010,3,MDLC3
pants18_6,,0x640C010,2,MDLC3
pants18_7,,0x640E010,2,MDLC6_B
hats38,,0x660001E,0,Gold
gloves29,,0x6900019,2,Gold
gloves30,,0x690001A,3,Gold
hats39,,0x660001F,2,Gold
hats40_1,,0x6602020,2,MDLC3
kneeshin28,,0x6800013,2,Gold
gear26,,0x6700013,2,Gold
kneeshin30,,0x6800015,3,Gold
kneeshin31,,0x6800016,2,MDLC2
eye11,,0x6C0000B,0,Gold
exo14_2,,0x6B04009,2,MDLC3
hats41_2,,0x6604021,2,MDLC3
hats41_3,,0x6606021,2,MDLC3
hats41_4,,0x6608021,2,MDLC3
hats41_5,,0x660A021,2,MDLC3
hats41_6,,0x660C021,2,MDLC3
hats41_7,,0x660E021,3,MDLC6_A
exo15_17,,0x6B2C00A,2,DLC2_5
exo16_2,,0x6B0400B,3,MDLC3
exo16_3,,0x6B0600B,3,MDLC3
exo16_4,,0x6B0800B,2,MDLC3
exo16_6,,0x6B0C00B,2,MDLC3
exo16_7,,0x6B0E00B,2,MDLC6_B
boots18,,0x6A0000F,2,MDLC2_5
boots18_1,,0x6A0200F,2,MDLC3
boots18_2,,0x6A0400F,3,MDLC3
boots18_3,,0x6A0600F,2,MDLC3
gear27,,0x6700014,2,MDLC2
kneeshin32,,0x6800017,2,MDLC2
kneeshin32_1,,0x6802017,2,MDLC3
kneeshin32_2,,0x6804017,2,MDLC3
kneeshin32_3,,0x6806017,2,MDLC3
kneeshin32_4,,0x6808017,2,MDLC3
gloves31,,0x690001B,2,MDLC2
gloves31_1,,0x690201B,2,MDLC3
gloves31_2,,0x690401B,2,MDLC3
gloves31_3,,0x690601B,3,MDLC6_A
pants19,,0x6400011,2,MDLC2
shirt15,,0x620000E,2,MDLC2
shirt15_1,,0x620200E,2,MDLC6_B
shirt15_2,,0x620400E,2,MDLC6_B
exo12,,0x6B0000C,2,MDLC2_5
exo13,,0x6B0000D,2,DLC2_5
shirt20,,0x620000F,2,DLC2_5
shirt20_1,,0x620200F,2,MDLC3
shirt20_2,,0x620400F,2,MDLC3
shirt20_3,,0x620600F,2,MDLC3
shirt20_4,,0x620800F,2,MDLC3
hats49,,0x6600029,2,MDLC2_5
exo17,,0x6B0000E,2,MDLC2
exo17_1,,0x6B0600E,2,DLC2_5
exo17_2,,0x6B0800E,2,DLC2_5
exo17_3,,0x6B0A00E,2,MDLC3
pants20_2,,0x6404012,2,MDLC3
pants20_3,,0x6406012,2,MDLC3
pants20_4,,0x6408012,2,MDLC3
pants20_5,,0x640A012,2,MDLC3
pants20_6,,0x640C012,3,MDLC3
pants20_7,,0x640E012,3,MDLC3
kneeshin33_2,,0x6804018,2,MDLC3
hats45,,0x660002B,2,MDLC2
hats50,,0x660002C,2,MDLC2
hats50_1,,0x660202C,2,DLC2_5
hats50_2,,0x660402C,2,DLC2_5
hats50_3,,0x660602C,2,MDLC3
hats51,,0x660002D,2,DLC2_5
hats52,,0x660002E,2,DLC2_5
pants21,,0x6400013,2,MDLC2
pants21_1,,0x6402013,2,MDLC3
pants21_2,,0x6404013,2,MDLC3
pants21_3,,0x6406013,2,MDLC6_B
gear28,,0x6700015,2,DLC2_5
gear28_1,,0x6702015,2,MDLC3
exo19,,0x6B00010,2,DLC2_5
hats46,,0x660002F,2,MDLC3
shirt21_1,,0x6202010,3,MDLC3
shirt21_2,,0x6204010,3,MDLC3
shirt21_3,,0x6206010,2,MDLC3
exo20,,0x6B00011,2,MDLC2_5
exo20_1,,0x6B02011,2,MDLC3
hats47,,0x6600030,2,MDLC2_5
hats47_1,,0x6602030,2,MDLC3
gear29,,0x6700016,2,MDLC2_5
gear29_1,,0x6702016,2,MDLC3
gear29_2,,0x6704016,2,MDLC3
gear29_3,,0x6706016,2,MDLC3
gear29_5,,0x670A016,2,MDLC3
gear29_6,,0x670C016,2,MDLC3
kneeshin34,,0x6800019,2,MDLC2_5
kneeshin34_1,,0x6802019,2,MDLC3
kneeshin34_2,,0x6804019,2,MDLC3
boots19,,0x6A00010,2,MDLC2_5
boots19_1,,0x6A02010,2,MDLC3
boots19_2,,0x6A04010,2,MDLC3
boots19_4,,0x6A08010,2,MDLC3
boots19_5,,0x6A0A010,2,MDLC3
boots19_7,,0x6A0E010,2,MDLC3
gloves32,,0x690001C,2,MDLC2_5
gloves32_1,,0x690201C,2,MDLC3
pants22,,0x6400014,2,MDLC2_5
pants22_1,,0x6402014,2,MDLC3
pants22_2,,0x6404014,2,MDLC3
pants22_3,,0x6406014,2,MDLC3
pants22_5,,0x640A014,2,MDLC3
pants22_6,,0x640C014,2,MDLC3
pants22_7,,0x640E014,2,MDLC3
shirt22,,0x6200011,2,MDLC2_5
shirt22_1,,0x6202011,2,MDLC3
shirt22_2,,0x6204011,2,MDLC3
shirt22_4,,0x6208011,2,MDLC3
shirt22_5,,0x620A011,2,MDLC3
shirt22_6,,0x620C011,2,MDLC3
shirt22_7,,0x620E011,2,MDLC3
exo21,,0x6B00012,2,DLC2_5
exo22,,0x6B00013,2,DLC2_5
exo22_1,,0x6B02013,2,MDLC3
exo22_2,,0x6B04013,2,MDLC3
exo22_3,,0x6B06013,2,MDLC6_A
hats53,,0x6600031,3,MDLC3
hats53_1,,0x6602031,2,MDLC3
hats54,,0x6600032,2,MDLC3
hats55,,0x6600033,2,DLC2_5
hats55_1,,0x6602033,3,MDLC3
hats55_3,,0x6606033,2,MDLC3
hats56,,0x6600034,2,DLC2_5
gear30,,0x6700017,3,MDLC3
gear30_1,,0x6702017,2,MDLC3
gear30_2,,0x6704017,2,MDLC3
exo23,,0x6B00014,2,MDLC3
exo23_1,,0x6B02014,2,MDLC3
exo23_2,,0x6B04014,2,MDLC3
exo24,,0x6B00015,2,MDLC3
gear31,,0x6700018,2,MDLC3
gear31_1,,0x6702018,3,MDLC6_A
gear32,,0x6700019,2,MDLC3
gear32_1,,0x6702019,2,MDLC6_B
gear33,,0x670001A,2,MDLC3
hats58,,0x6600036,2,MDLC3
hats59,,0x6600037,2,MDLC3
hats60,,0x6600038,2,MDLC3
exo25,,0x6B00016,2,MDLC3
exo25_1,,0x6B02016,2,MDLC3
hats61,,0x6600039,2,MDLC3
exo26,,0x6B00017,2,MDLC3
exo26_1,,0x6B02017,3,MDLC3
hats62,,0x660003B,2,MDLC3
gear34,,0x670001B,2,MDLC3
gear34_1,,0x670201B,3,MDLC3
gear34_2,,0x670401B,3,MDLC3
gear34_3,,0x670601B,2,MDLC3
gear34_4,,0x670801B,2,MDLC3
gear34_5,,0x670A01B,2,MDLC3
gear34_6,,0x670C01B,2,MDLC3
hats63,,0x660003C,3,MDLC3
pants23,,0x6400015,3,MDLC3
hats64,,0x660003D,2,MDLC3
hats64_1,,0x660203D,2,MDLC6_A
gear35,,0x670001C,2,MDLC3
gear35_1,,0x670201C,2,MDLC3
gear35_2,,0x670401C,3,MDLC3
hats65,,0x660003E,2,MDLC3
gear37,,0x670001E,2,MDLC3
exo27,,0x6B00018,2,Never
exo27_1,,0x6B02018,2,MDLC3
gear38,,0x670001F,2,MDLC3
gear38_1,,0x670201F,2,MDLC3
gear39,,0x6700020,2,MDLC3
exo28,,0x6B00019,2,MDLC3
hats66,,0x660003F,3,MDLC3
gloves33,,0x690001D,2,MDLC3
gloves33_1,,0x690201D,2,MDLC6_B
boots20,,0x6A00011,2,Never
boots20_1,,0x6A02011,2,Never
shirt23,,0x6200012,2,MDLC3
shirt24,,0x6200013,2,MDLC3
boots14,,0x6A00012,2,MDLC3
boots14_1,,0x6A02012,2,MDLC6_B
boots21,,0x6A00013,2,MDLC3
boots21_1,,0x6A02013,2,MDLC3
boots21_2,,0x6A04013,2,MDLC3
boots21_3,,0x6A06013,3,MDLC6_A
kneeshin35,,0x680001A,2,MDLC3
kneeshin35_1,,0x680201A,2,MDLC3
gear40,,0x6700021,2,MDLC3
pants24,,0x6400016,2,MDLC3
pants24_1,,0x6402016,2,MDLC3
pants25,,0x6400017,2,MDLC3
pants25_1,,0x6402017,2,MDLC3
pants25_2,,0x6404017,2,MDLC3
hats67,,0x6600040,3,MDLC3
gear41,,0x6700022,3,MDLC3
pants26,,0x6400018,2,MDLC3
pants26_1,,0x6402018,2,MDLC3
pants26_2,,0x6404018,2,MDLC3
pants26_3,,0x6406018,2,MDLC6_B
pants26_4,,0x6408018,3,MDLC6_A
shirt25,,0x6200014,2,MDLC3
shirt25_1,,0x6202014,2,MDLC3
shirt25_2,,0x6204014,2,MDLC3
shirt25_3,,0x6206014,2,MDLC3
shirt25_5,,0x620A014,3,MDLC6_A
shirt26,,0x6200015,2,MDLC3
gear42,,0x6700023,2,MDLC3
hats68,,0x6600041,2,MDLC3
exo29,,0x6B0001A,2,MDLC3
exo29_1,,0x6B0201A,3,MDLC3
boots22,,0x6A00014,2,MDLC3
boots5_1,,0x6A02014,2,MDLC3
boots5_2,,0x6A04014,2,MDLC3
boots5_3,,0x6A06014,2,MDLC3
boots5_4,,0x6A08014,2,MDLC3
boots5_5,,0x6A0A014,2,MDLC3
boots5_6,,0x6A0C014,2,MDLC3
boots22_7,,0x6A0E014,2,MDLC3
hats69,,0x6600042,3,MDLC3
gear43,,0x6700024,2,MDLC3
pants27,,0x6400019,3,MDLC3
exo30,,0x6B0001B,2,MDLC3
hats70,,0x6600043,2,MDLC3
pants28,,0x640001A,2,MDLC3
gear44,,0x6700025,2,MDLC3
gear44_1,,0x6702025,2,MDLC3
gear44_2,,0x6704025,2,MDLC6_A
hats71,,0x6600044,2,MDLC3
pants29,,0x640001B,2,MDLC3
pants29_1,,0x640201B,2,MDLC6_A
pants29_2,,0x640401B,2,MDLC6_B
boots23,,0x6A00015,2,MDLC3
exo31,,0x6B0001C,3,MDLC3
boots24,,0x6A00016,2,MDLC3
gear45,,0x6700026,2,MDLC3
hats72,,0x6600045,2,MDLC3
pants30,,0x640001C,2,MDLC3
exo32,,0x6B0001D,2,MDLC3
gear46,,0x6700027,2,MDLC3
hats73,,0x6600046,3,MDLC6_A
pants31,,0x640001D,3,MDLC6_A
exo33,,0x6B0001E,2,MDLC3
gear47,,0x6700028,3,MDLC6_A
gear48,,0x6700029,2,MDLC6_B
gear49,,0x670002A,2,MDLC6_B
eye12,,0x6C0000C,2,MDLC6_B
exo34,,0x6B0001F,2,MDLC6_B
exo35,,0x6B00020,2,MDLC6_A
hats74,,0x6600047,2,MDLC6_A
gear50,,0x670002B,2,MDLC6_A
gloves34,,0x690001E,2,MDLC6_A
hats75,,0x6600048,2,MDLC6_B
pants32,,0x640001E,2,MDLC6_A
gear51,,0x670002C,2,MDLC6_B
boots25,,0x6A00017,2,MDLC6_A
exo36,,0x6B00021,2,MDLC6_B
exo37,,0x6B00022,3,MDLC6_A
